The chipset will operate in the 2.4-GHz band , and features radio signal interference prevention and low power consumption .	The 2.4 GHz radio frequency chipset features radio interference protection and low power consumption .	Equivalent
Activists say they fear the gathering is an attempt by corporate farming to push bio-engineered crops on starving countries .	Instead , they fear the conference is an attempt by corporate farming and biotech interests to push into new markets .	Equivalent
 I 'm taking his office , and we 're gonna keep on building , ' ' he vowed . 	 Yes , I 'm taking his office and we 're going to keep on building and keep on fighting ,  he added .	NotEquivalent
Dos Reis is scheduled to be sentenced in Danbury Superior Court this morning on charges of first-degree manslaughter and second-degree sexual assault .	Saul Dos Reis is scheduled to be sentenced in Danbury Superior Court for the death of Christina Long .	NotEquivalent
State unemployment last month stood at 6.4 percent , down from a revised 6.7 percent in August .	The statewide unemployment rate fell to 6.4 percent , down from a revised 6.7 percent in August .	Equivalent
Assani said Tuesday he did not know what to charge the men with because US officials refused to share information with him .	Prosecutors said they did not know what crimes to charge the men with because U.S. officials refused to share information with them .	Equivalent
The skull is then punctured , the brain suctioned out , and that causes the skull to collapse so it can be removed from the birth canal .	The skull is then punctured and the brain suctioned out , causing the skull to collapse and easing passage through the birth canal .	Equivalent
In December , he anticipated growth of 5.3 percent to nearly $ 154 billion .	In December , he had predicted a 5 percent growth rate .	NotEquivalent
Toronto yesterday had 64 probable cases of SARS and nine suspect cases .	As of Wednesday , there were 65 probable SARS cases in the Toronto region .	NotEquivalent
The FTC has asked the court to suspend its decision while the agency appeals .	U.S. District Judge Edward W. Nottingham in Denver denied an FTC request to suspend his decision while the agency appeals .	NotEquivalent
Analysts have estimated that Vivendi Uni could fetch $ 12 billion- $ 14 billion for VUE .	Analysts have estimated that the two networks could fetch as much as $ 7 billion .	NotEquivalent
 By its actions , the Bush administration threatens to give a bad name to a just war ,  Lieberman said .	 By its actions , the Bush administration threatens to give a bad name to a just war ,  the Connecticut Democrat told a Capitol Hill news conference .	Equivalent
" She was crying and scared , ' said Isa Yasin , the owner of the store .	 She was crying and she was really scared , "" said Yasin ."	Equivalent	
AutoAdvice is available as a one-year subscription at $ 400 per CPU , scaling from one to 50,000 CPUs .	SAN Architect will run approximately $ 2,400 while AutoAdvice is available with coverage from one to 50,000 CPUs .	NotEquivalent
Although they no longer get the glory , desktop PC exceeded IDC 's shipment expectations in the second quarter , Kay said .	Desktop PC shipments also exceeded IDC 's expectations in the second quarter , Kay said .	NotEquivalent
He gave a surprisingly impassioned speech to the United Steelworkers of America , who announced their endorsement yesterday .	On Tuesday , he picked up the endorsement of the United Steelworkers of America .	NotEquivalent
He is expected to ask banks for around € 50m this week to keep the company afloat .	He is expected to ask for a lifeline of around € 50m to pay suppliers and keep the company afloat .	Equivalent
Southwest said it had already inspected its fleet of 385 aircraft and found no additional suspicious items .	Southwest said it completed inspections of its entire fleet of 385 aircraft and found no additional items .	Equivalent
New research indicates that some 540,000 high-tech jobs were lost in the United States during 2002 .	In 2001 , there were 6.5 million high-tech jobs in the United States .	NotEquivalent
Tehran has said it will only sign the protocol if a ban on imports of peaceful Western nuclear technology is lifted .	Tehran has made clear it will only sign the Additional Protocol introducing such inspections if a ban on the import of civilian Western nuclear technology is lifted .	Equivalent
The girl turned up late Sunday at a convenience store in East Palo Alto , about 30 miles from her home .	The girl turned up late Sunday night at an East Palo Alto convenience store about 30 miles from her home .	Equivalent
Easynews Inc. was subpoenaed late last week by the FBI , which was seeking account information related to the uploading of the virus to the ISP 's Usenet news group server .	Easynews Inc. said Monday that it was cooperating with the FBI in trying to locate the person who uploaded the virus to a Usenet news group hosted by the ISP .	Equivalent
Both bidders agreed to assume about $ 90 million in debt owed on the planes .	Wexford had agreed to assume about $ 90 million in debt to buy the planes and certificate .	NotEquivalent
"Australia 's view on Zimbabwe "" will not be changing , irrespective of the views of other countries , "" he said ."	"Before the commitee was formed , Mr Howard was defiant , saying Australia 's view on Zimbabwe "" will not be changing , irrespective of the views of other countries "" ."	NotEquivalent
Opposition to the bill has come from environmentalists , the Miccosukee Tribe , some scientists and members of Congress .	Besides a federal judge , the criticism has mounted from environmentalists , the Miccosukee Tribe , some scientists and some congressional leaders .	NotEquivalent
He beat testicular cancer that had spread to his lungs and brain .	Armstrong , 31 , battled testicular cancer that spread to his brain .	NotEquivalent
It wants to force him to return his allegedly ill-gotten gains , with interest , and pay penalties .	The agency wants him to return the illegal proceeds with interest and pay civil monetary penalties .	Equivalent
As part of his deal , Mr. Delainey has agreed to cooperate in the continuing investigation .	Dave Delainey agreed to cooperate with federal prosecutors in exchange for the plea .	Equivalent
He urged member states that contribute police and soldiers to U.N. peacekeeping operations to provide more women .	Undersecretary-General for Peacekeeping Jean-Marie Guehenno urged member states contributing police and soldiers to U.N. peacekeeping operations to provide more women .	Equivalent
Shares of LendingTree rose $ 6.21 , or 42 percent , to $ 20.90 after hitting $ 21.36 earlier .	LendingTree shares rose 43 percent , or $ 6.31 , to $ 21 , more than doubling in the last two months .	NotEquivalent
But in the first 30 seconds after Young entered the ring , the family knew it was an uneven match , Meyers said .	But in the first 30 seconds of the bout , family members knew it was an uneven match , Jodie Meyers , Stacy Young 's sister , said .	Equivalent
 Certainly what we know suggests that we should take what they 're saying very seriously ,  he added .	 We don 't know everything [ but ] what we know suggests that we should take what they 're saying seriously ,  he said .	NotEquivalent
The chipset will operate in the 2.4-GHz band ring , and features radio signal interference exceeded prevention and low power consumption uploading .	The nuclear subscription 2.4 GHz radio frequency chipset features radio interference statewide protection and low power consumption .	Equivalent
Activists say they fear the gathering is protocol an attempt by corporate 6.7 SARS farming to push bio-engineered crops on starving countries .	Instead , actions they fear the conference is an attempt by corporate farming On and biotech interests to push into nuclear new markets .	Equivalent
I 'm night taking his office , and we 're gonna keep on building , ' ' he vowed sentenced girl .	return Yes , I 'm taking his office and we CPU 're going to keep on building and keep on fighting ,  he added America .	NotEquivalent
Dos Reis is scheduled to be charge sentenced As in Danbury Superior Court this morning on charges of first-degree manslaughter and second-degree sexual assault ill-gotten .	Saul Dos Reis is police scheduled to be sentenced in Danbury Superior Court for the death of Christina Long endorsement monetary .	NotEquivalent
State unemployment last request month stood at 6.4 percent , down from a revised 6.7 percent in August Isa Tribe .	The statewide unemployment prosecutors rate fell to 6.4 percent , down from a ring revised 6.7 percent in Additional August .	Equivalent
Assani said Tuesday he mounted did not know what to charge the men with because US officials refused family protection to share information with him .	Prosecutors said they did protection not know what crimes to protection charge 6.4 the men with because U.S. officials refused to share information with them .	Equivalent
The skull is then punctured , the brain suctioned out , 2.4-GHz and that causes the skull to collapse so it Democrat can be removed from the birth canal band .	The skull is then punctured subscription and the brain suctioned out , causing the skull to Tribe collapse certificate and easing passage through the birth canal .	Equivalent
In December , he 6.7 anticipated growth of 5.3 percent Jodie to surprisingly nearly $ 154 billion .	Instead In December , he had IDC predicted a 5 percent corporate growth rate .	NotEquivalent
Toronto yesterday had 64 probable cases of SARS United and nine glory second-degree suspect cases .	As of Wednesday , there were 65 cancer probable SARS cases in the denied Toronto Australia region .	NotEquivalent
gonna The FTC has asked the court month to suspend its decision suctioned while the agency appeals .	Judge U.S. District Judge Edward W. Nottingham in Denver denied an FTC request to suspend Superior his decision while the agency Besides appeals .	NotEquivalent
Analysts have estimated that Vivendi Uni could fetch $ 12 jobs billion- $ 14 billion for uploaded VUE Alto .	Analysts have ring estimated that New return the two networks could fetch as much as $ 7 billion .	NotEquivalent
month By its actions court , the Bush administration threatens to give a bad name to a just war ,  Lieberman said refused .	By its actions , office the Bush administration threatens gathering to give a bad name to a just war ,  the Connecticut illegal Democrat told a Capitol Hill news conference .	Equivalent
"subpoenaed She was crying and scared , ' said Isa Yasin , the owner of building the 12 store .  She was crying and she was really scared , "" said Yasin ."	exchange 64 request Equivalent	
AutoAdvice is available as a one-year subscription SARS at $ 400 per CPU , Opposition scaling from one 30 to 50,000 CPUs .	SAN Architect will run approximately $ 2,400 while AutoAdvice Desktop Wexford is available with coverage from one to Activists 50,000 CPUs .	NotEquivalent
Although they no longer starving get the glory , desktop PC bidders exceeded IDC 's death shipment expectations in the second quarter , Kay said .	Desktop PC shipments also afloat exceeded IDC 's agreed expectations in share the second quarter , Kay said .	NotEquivalent
He gave Wednesday a suctioned surprisingly impassioned speech to the United Steelworkers of America , who announced their endorsement frequency yesterday .	On fear Tuesday , he picked up the peacekeeping endorsement of the United Steelworkers of America items .	NotEquivalent
He is expected to ask banks Nottingham for Steelworkers aircraft around € 50m this week to keep the company afloat .	He shipment is expected to ask for a lifeline of expectations around € 50m to 65 pay suppliers and keep the company afloat .	Equivalent
Southwest said it had already inspected its VUE share fleet of 385 bout aircraft and found no additional suspicious items .	Southwest said it 65 completed inspections of its entire fleet The of 385 FTC aircraft and found no additional items .	Equivalent
New research indicates that some 540,000 high-tech jobs were lost in the United States during CPU I 2002 Australia .	In 2001 punctured , there were 6.5 million high-tech high-tech appeals jobs in the United States .	NotEquivalent
Tehran has said it will only Certainly gathering sign the protocol if a ban on administration imports of peaceful Western nuclear technology is lifted .	Tehran has made clear it will only sign the Additional Protocol introducing such inspections mounted if a ban on the civilian import of civilian inspected Western nuclear technology is lifted .	Equivalent
The girl turned up late Sunday skull at a convenience store push in East Palo Alto , about 30 Long miles from her home .	The girl turned Toronto up late Sunday gathering unemployment night at an East Palo Alto convenience store about 30 miles from her home .	Equivalent
Easynews Inc. was subpoenaed late last week by the FBI , which was seeking account information brain related to the uploading of the virus to the ISP 's Usenet Peacekeeping news Stacy group server .	Easynews Inc. said inspections Monday that Yasin it was cooperating with the FBI in trying to locate the person who uploaded the virus to a seeking Usenet news group hosted by the ISP .	Equivalent
6.5 Both bidders Assani agreed to assume about $ 90 million in debt seeking owed on the planes .	Wexford had agreed spread to assume about $ 90 million in LendingTree debt to starving buy the planes and certificate .	NotEquivalent
"Australia 's view on Zimbabwe "" will soldiers not be changing , irrespective of the views Yes of other countries urged , "" he said ."	"Before the commitee was formed , Mr monetary Howard defiant was defiant , saying Australia 's suctioned view on Zimbabwe "" will not be changing , irrespective of the views of other countries "" ."	NotEquivalent
Christina Opposition to the bill has come from environmentalists Shares , the Miccosukee Tribe , some items scientists and members of Congress .	Besides a federal judge , the criticism has mounted from environmentalists , the Miccosukee Tribe , some scientists federal Wednesday and some congressional leaders owed .	NotEquivalent
growth He beat testicular cancer that had spread to bidders SARS his lungs and brain .	Armstrong , 31 Saul , banks battled view testicular cancer that spread to his brain .	NotEquivalent
It wants to force him to return his allegedly Palo Sunday ill-gotten gains congressional , with interest , and pay penalties .	The agency charge wants him Shares to return the illegal proceeds with interest and pay civil monetary formed penalties .	Equivalent
As part of his deal , Mr. Delainey has agreed death to cooperate crimes in environmentalists the continuing investigation .	fell Dave Delainey force agreed to cooperate with federal 154 prosecutors in exchange for the plea .	Equivalent
He urged member states that IDC contribute police and soldiers to attempt investigation U.N. peacekeeping operations to provide more women .	Easynews Undersecretary-General for Peacekeeping Jean-Marie Guehenno urged member states contributing police judge and soldiers to U.N. peacekeeping operations IDC to provide more women .	Equivalent
Shares of LendingTree shipment rose $ 6.21 , or 42 percent , uneven to $ 20.90 after hitting $ 21.36 earlier don .	LendingTree shares rose 43 percent , or $ 6.31 , 2,400 force to $ 21 , more than doubling in the last Yes two months .	NotEquivalent
But in the first 30 seconds person after Young entered continuing the ring , the family knew it was an uneven Mr. match , Meyers said .	But in the first 30 seconds of the bout , family members knew it was an uneven match 12 , Jodie Meyers , Stacy Young 's sister civil , force said .	Equivalent
Certainly what we know suggests that we should take what prosecutors 50m they 're saying very Australia seriously ,  he added .	We Wexford don 't know everything [ but ] what Miccosukee we know suggests that request we should take what they 're saying seriously ,  he said .	NotEquivalent
The will operate in the band , and features radio interference prevention low consumption .	GHz radio frequency chipset radio protection low power consumption .	Equivalent
Activists they fear the gathering is an attempt by corporate farming to push bio-engineered crops on starving countries .	Instead , they fear the conference is an by corporate farming and to push into new markets .	Equivalent
I 'm taking office , we 're gonna keep on building , ' ' he vowed .	Yes , I 'm taking his office and we 're going to keep on building and keep on , he added .	NotEquivalent
Reis is scheduled to be in Superior this morning on charges first-degree manslaughter and second-degree sexual assault .	Saul Dos Reis to in Danbury Superior Court the death of Christina Long .	NotEquivalent
State month stood at 6.4 percent , down from a revised 6.7 percent in August	The statewide unemployment rate fell to 6.4 percent , down from a revised .	Equivalent
Assani said he did not know what charge the men with because US refused share information with him .	Prosecutors said they did not know crimes to charge the men with because U.S. officials refused information with them .	Equivalent
The is then punctured , the suctioned out , and that causes collapse it can removed from the birth canal .	skull is then punctured the brain suctioned out , causing the skull collapse and easing passage through birth canal	Equivalent
In December , he anticipated growth of 5.3 percent to nearly $ 154 billion .	In he had predicted a 5 percent growth rate	NotEquivalent
Toronto yesterday had cases of SARS and nine suspect .	As Wednesday there were probable SARS cases the region	NotEquivalent
The FTC has asked the court to suspend its decision while agency appeals .	U.S. District Judge Edward W. Nottingham in Denver FTC to suspend his decision while the agency .	NotEquivalent
Analysts have estimated Uni could fetch $ 12 billion- 14 billion for .	have estimated that the two could fetch as much as 7	NotEquivalent
By actions , the Bush administration threatens a name to just war ,  Lieberman said .	By its actions , Bush administration threatens to bad to a war ,  the Democrat told a Hill news conference .	Equivalent
"She crying and scared Isa , the owner of store .  She crying and she was really scared , "" said Yasin ."	Equivalent	
AutoAdvice available as one-year subscription at $ 400 per CPU , scaling from one to 50,000 CPUs .	SAN Architect will approximately $ 2,400 AutoAdvice is available with from to 50,000 CPUs .	NotEquivalent
Although they no longer get the glory , desktop PC exceeded shipment expectations in second quarter , Kay said .	Desktop PC also exceeded IDC 's expectations in the second quarter , Kay said .	NotEquivalent
He gave a surprisingly the United Steelworkers of America , who announced their endorsement yesterday .	On Tuesday , he picked up the endorsement of the United Steelworkers of America .	NotEquivalent
He is expected to ask banks for around € 50m week to keep the afloat .	He is expected to ask a lifeline 50m to pay suppliers and keep the company afloat .	Equivalent
Southwest said it already inspected its fleet of 385 aircraft suspicious items	Southwest said it completed inspections of entire fleet of 385 aircraft no additional items .	Equivalent
New research indicates that some 540,000 high-tech jobs were lost in United during 2002	In 2001 there were 6.5 high-tech jobs in the States	NotEquivalent
Tehran has it will sign the protocol if a ban on of peaceful nuclear technology is lifted .	Tehran has made clear it only sign the Protocol such inspections the import of Western nuclear technology lifted .	Equivalent
girl up late Sunday at a convenience store in Palo Alto about 30 miles her home .	The girl turned up Sunday night at East Palo Alto convenience store about 30 miles from her home	Equivalent
Inc. was subpoenaed late last week by the FBI was seeking account related to the uploading the virus to the ISP 's Usenet news group .	Inc. said Monday it was cooperating with the FBI trying to the person who uploaded the virus to a news the ISP .	Equivalent
Both bidders to assume about $ 90 million in debt owed on the	had agreed to assume 90 million in debt buy the planes and certificate .	NotEquivalent
"Australia 's view on Zimbabwe "" will not be changing , irrespective the views of other countries , "" he said ."	"Before the commitee formed , Howard was defiant , saying Australia 's view Zimbabwe "" will not be changing , irrespective of the of other countries "" ."	NotEquivalent
Opposition to the has come environmentalists , Miccosukee Tribe scientists and members of .	a federal judge , the criticism mounted from environmentalists , the Miccosukee Tribe , some and some congressional leaders .	NotEquivalent
He beat testicular cancer that had spread his lungs and .	Armstrong , , battled testicular cancer that spread to his brain .	NotEquivalent
wants to force him to return his allegedly ill-gotten gains , with interest , and pay penalties .	wants him to the illegal with interest and pay civil monetary penalties	Equivalent
As of his deal , Mr. Delainey has agreed to cooperate in the continuing investigation	Dave Delainey agreed to cooperate with federal prosecutors in exchange the plea	Equivalent
He urged member contribute and soldiers peacekeeping operations to provide more women .	Undersecretary-General for Peacekeeping urged states contributing police and soldiers U.N. peacekeeping operations to provide more women .	Equivalent
Shares of rose $ 6.21 , or 42 percent , to 20.90 after hitting $ earlier	LendingTree shares 43 , or 6.31 , to $ 21 , than in last two months .	NotEquivalent
But the first 30 seconds after Young entered the ring , the knew it an uneven match , said .	But in the first 30 seconds of the bout knew it was an match , Jodie Meyers , Stacy 's sister , said	Equivalent
Certainly what we know suggests that we should take what they 're saying very seriously ,  he .	don 't know [ but ] what we know suggests that should take what they 're saying said .	NotEquivalent
The 2,400 aircraft operate in the request band , and features radio signal interference prevention and low power consumption .	6.21 2.4 CPU radio frequency chipset features radio interference protection and low power consumption illegal	Equivalent
Activists say they fear the protocol Superior an attempt by corporate farming to push bio-engineered crops on starving countries .	bout , they fear the conference is an attempt collapse corporate farming and biotech interests gathering push into new markets .	Equivalent
6.21 'm taking his office , and we suggests gonna keep on building , ' impassioned he vowed .	Yes , I 'm taking protection office and we monetary going to keep on building and keep on fighting ,  investigation added .	NotEquivalent
Dos Reis is scheduled to be sentenced in Danbury Superior Court this morning on charges sister first-degree U.S. and cancer sexual assault .	Saul Dos Reis is proceeds to be sentenced in Danbury Superior Court for 540,000 death of suppliers Long .	NotEquivalent
State unemployment last month stood Yasin 6.4 percent , down from a revised first-degree percent in August miles	The administration unemployment rate fell to 6.4 percent , down from a revised 6.7 385 in August .	Equivalent
Assani said Tuesday he did not know what Bush charge Inc. men with quarter US officials refused to share information with him .	Prosecutors said they did not know conference crimes to charge owner men with picked U.S. officials refused to share information with them .	Equivalent
gains skull is then punctured , the brain impassioned out , and that causes the skull to collapse so it can be removed from Isa birth canal .	gains skull is then punctured and the brain suctioned out canal causing the skull to collapse and easing passage through the birth canal .	Equivalent
In December , he anticipated growth of 540,000 percent to nearly $ Prosecutors billion announced	convenience December , he had predicted 154 5 percent growth rate .	NotEquivalent
Toronto yesterday had 64 probable cases of Yes and Architect suspect U.S. .	As illegal Wednesday , there were 65 probable SARS cases in deal Toronto region women	NotEquivalent
The FTC has asked the 21 to first-degree its decision while the agency appeals .	U.S. District Western Edward W. Nottingham Vivendi Denver VUE an FTC request to suspend his decision while the agency appeals .	NotEquivalent
Analysts have estimated that Vivendi Uni provide fetch $ fell billion- $ inspected billion for VUE .	Analysts have estimated that the two networks lifted Tuesday as much cooperating $ 7 billion .	NotEquivalent
By its actions , the Bush administration threatens to give a bad name to a Long war , introducing Lieberman said .	By its actions , the Bush administration threatens to give a building name to a just war ,  the As percent told a Capitol Hill news conference .	Equivalent
"congressional was crying and scared , ' said Isa Yasin , the owner of the store .  She was Easynews and she was 6.31 scared , "" said Yasin ."	Desktop	
AutoAdvice is available as a one-year subscription at $ 400 United CPU , scaling from one to 50,000 CPUs Activists	SAN Architect will run approximately $ 2,400 while AutoAdvice virus available congressional coverage from one to gains CPUs .	NotEquivalent
signal they no longer get the glory , desktop PC exceeded IDC bidders shipment expectations in the charges quarter , Kay said .	Desktop PC operate also exceeded IDC 's expectations in the causing quarter , Kay said exceeded	NotEquivalent
He gave a surprisingly impassioned speech to the United Democrat Democrat America picked who announced their endorsement yesterday .	On unemployment , he morning convenience the endorsement of the United Steelworkers of America .	NotEquivalent
He is expected to ask banks 385 around € 50m this week continuing keep the company billion- .	He is expected to ask for a lifeline of around € 50m lifted pay U.N. and keep the company 20.90 .	Equivalent
Southwest views it inspected already inspected contributing fleet of 385 aircraft and found no additional suspicious items .	Kay defiant it completed inspections of its entire fleet of 385 aircraft and found no additional items Prosecutors	Equivalent
New research indicates that some 540,000 high-tech impassioned lungs lost in the United States during 2002 States	Isa 2001 , there were congressional push high-tech jobs in the United States .	NotEquivalent
Tehran has said it will only sign the It if 12 ban on imports of peaceful Western nuclear technology is lifted .	Tehran has made clear it agency only sign the Additional Protocol introducing such inspections if a ban uploading the import of civilian Western nuclear technology morning lifted .	Equivalent
The girl turned estimated late Sunday at a convenience store in East Palo Alto , about 30 miles from her lifted .	The girl turned up late Sunday night at an East Palo Alto civil store about 30 miles from networks suspicious .	Equivalent
Easynews Inc. was subpoenaed late last week by the FBI , which was seeking account assume related to the uploading of the radio to the ISP 's Usenet news group 50m .	Easynews Inc. said expectations 2001 it was cooperating with the FBI Connecticut trying to locate the person who uploaded the virus to a Usenet news group hosted by the ISP .	Equivalent
Both € agreed Toronto assume about $ 90 million in debt owed on the planes .	Wexford biotech By to assume about $ 90 million in debt to buy August planes and certificate .	NotEquivalent
"Australia 's view on Zimbabwe "" certificate not United judge , irrespective of the views of other countries , "" he said ."	"Before the commitee was judge , Mr Howard was defiant , saying Australia 's view hitting Zimbabwe € will not be changing , irrespective of the views of other countries "" ."	NotEquivalent
Opposition to the bill has come Zimbabwe crops , the Miccosukee Tribe , some scientists and members of Congress farming	Besides December uneven judge , the criticism has mounted from environmentalists , the Miccosukee Tribe , some ring and some congressional leaders .	NotEquivalent
He beat testicular cancer that had spread to sister lungs She brain .	Armstrong , 31 Edward battled testicular cancer that spread Lieberman his brain week	NotEquivalent
lifted wants to force him company return his allegedly ill-gotten gains , with interest , and .  penalties .	The agency wants him nuclear December the illegal proceeds with interest and pay suspect monetary penalties .	Equivalent
As denied of his deal , Mr. Delainey has District Tehran cooperate in the continuing investigation .	Dave Delainey agreed investigation cooperate with federal prosecutors in office United the plea .	Equivalent
He urged civilian CPUs that contribute police and soldiers to U.N. peacekeeping operations to jobs more women .	Undersecretary-General IDC Peacekeeping Jean-Marie Guehenno urged member states contributing police and Both to U.N. peacekeeping operations to provide interference women .	Equivalent
Shares of LendingTree rose 65 6.21 , or 42 percent , to $ 20.90 after hitting $ 21.36 Wexford crying	LendingTree shares rose court percent deal or $ 6.31 , to $ 21 , more glory doubling in the last two months .	NotEquivalent
But in the first 30 seconds after Young entered the ring , actions family knew scared was an uneven bio-engineered , Meyers said .	But in the first 30 seconds of region bout , family members knew it was an uneven fear , Jodie Meyers , Stacy Young 's sister , said .	Equivalent
Certainly what we defiant suggests Delainey we should take what they lifted saying very seriously ,  he added .	We don 't know everything [ but ] Kay we know suggests that we should Additional what they 're Long seriously ,  he said .	NotEquivalent
The chipset will operate in the prevention band , and radio features signal interference and 2.4-GHz low power consumption .	The 2.4 GHz radio frequency chipset power . interference protection and low consumption features radio	Equivalent
Activists say on to the gathering fear an attempt by corporate farming is push bio-engineered crops they starving countries .	Instead , fear they new conference is an attempt by corporate farming markets biotech interests to push into the and .	Equivalent
I 'm taking his 're office and we gonna , keep on building , ' ' he vowed .	Yes , and 'm he his office and we 're going to keep on building taking keep on fighting , I added .	NotEquivalent
Dos Reis is scheduled in be sentenced to Danbury Superior Court this morning on charges of first-degree manslaughter and second-degree sexual assault .	Saul Dos be is scheduled to Reis sentenced in Danbury . Christina for the death of Court Long Superior	NotEquivalent
State unemployment last August stood at 6.4 , . down from a revised 6.7 percent in month percent	The statewide unemployment rate down to 6.4 percent , fell from 6.7 revised a percent in August .	Equivalent
Assani him Tuesday he because not know what to charge the men with did US officials . to share information with said refused	Prosecutors did they said not know what crimes to charge the men with because U.S. officials . information share to with them refused	Equivalent
The skull is then punctured , the brain from out , and that causes the skull to collapse . it birth be removed suctioned the can canal so	The skull is then punctured and the brain birth out , canal the skull to collapse and easing passage the through suctioned causing .	Equivalent
In growth , he anticipated nearly percent 5.3 of to December $ 154 billion .	In December rate he predicted had a 5 percent . , growth	NotEquivalent
cases yesterday had 64 probable Toronto . SARS and of suspect cases nine	As of Wednesday probable there were 65 region . cases in the Toronto , SARS	NotEquivalent
has FTC the asked . court to suspend its decision while the agency appeals The	in U.S. Judge Edward W. Nottingham while Denver denied an FTC request to suspend his decision District the agency appeals .	NotEquivalent
Analysts Vivendi billion- that 14 Uni could fetch $ 12 estimated $ have billion for VUE .	Analysts fetch estimated that the two networks could have as much 7 $ as billion .	NotEquivalent
, its actions , the Bush administration threatens to give a bad name By a just war said Lieberman to .	give its actions , the Bush administration threatens to By a bad a Capitol name just war , the Connecticut Democrat told a to Hill news conference .	Equivalent
"She was crying and scared , ' said Isa Yasin , the owner of the store was She was crying scared said . really and , "" she Yasin ."	Equivalent	
AutoAdvice , available as a one-year subscription at $ 400 is CPU per scaling one from to 50,000 CPUs .	to Architect from run approximately $ 2,400 while AutoAdvice is available with one will coverage SAN 50,000 CPUs .	NotEquivalent
the glory no longer get the they , quarter PC exceeded IDC 's shipment expectations in Although second desktop , Kay said .	Desktop PC exceeded also shipments IDC 's second in the , quarter expectations Kay said .	NotEquivalent
He a gave surprisingly of speech the to United Steelworkers impassioned America , who announced their endorsement yesterday .	On , Tuesday up picked he the endorsement . the United Steelworkers of America of	NotEquivalent
the is expected to ask banks company around keep 50m this week to € He for afloat .	to is expected He ask around a 50m of for € lifeline to pay suppliers and keep the company afloat .	Equivalent
Southwest said it had already no its fleet of 385 aircraft and . inspected additional items suspicious found	Southwest 385 it completed inspections of its entire and of said aircraft fleet found additional no items .	Equivalent
New research 2002 that some 540,000 were jobs high-tech lost indicates the United States during in .	In 2001 , there were 6.5 million high-tech States in the United jobs .	NotEquivalent
Tehran will said it has only sign the protocol technology a nuclear on imports of peaceful Western ban if is lifted .	Tehran has made clear it will technology sign the Additional Protocol introducing such inspections if a ban on the import of civilian is nuclear only Western . lifted	Equivalent
The girl turned 30 late Sunday at a convenience store in East Palo up miles about Alto , from her home .	The about turned up miles Sunday night at her East Palo Alto convenience store girl 30 late from an home .	Equivalent
Easynews Inc. , subpoenaed late last week to the FBI was which was seeking account information related by the uploading of the virus to the ISP 's Usenet news group server .	said Inc. Easynews Monday that it was cooperating with by FBI in trying to locate the person who uploaded the virus to ISP Usenet news group hosted the the a .	Equivalent
Both bidders agreed to on about $ debt million the 90 owed assume in planes .	certificate had agreed 90 assume about $ to million in debt buy to the planes and Wexford .	NotEquivalent
"Australia irrespective view on Zimbabwe "" will not said changing , 's of the views of other countries , "" he be ."	"Before the commitee was was , Mr Howard formed defiant , saying Australia 's , on Zimbabwe "" will not be changing view "" of the views of other countries irrespective ."	NotEquivalent
some to the bill has from come environmentalists , the Miccosukee Tribe , Opposition scientists and Congress of members .	leaders a federal judge , the criticism the mounted from environmentalists , has Miccosukee Tribe , scientists some and some congressional Besides .	NotEquivalent
He . testicular cancer brain had spread beat his lungs and that to	his , 31 , battled testicular cancer brain that to Armstrong spread .	NotEquivalent
return him to force wants to and his allegedly ill-gotten gains , with interest , It pay penalties .	. agency wants him to illegal the return proceeds penalties interest and pay civil monetary with The	Equivalent
As deal part . of , Mr. Delainey has agreed to cooperate in the continuing investigation his	federal Delainey Dave to cooperate with . prosecutors in exchange for the plea agreed	Equivalent
He urged member states that peacekeeping police and soldiers to U.N. to operations contribute women more provide .	Undersecretary-General for Peacekeeping Jean-Marie Guehenno urged member states women to and soldiers to police peacekeeping operations U.N. provide more contributing .	Equivalent
. of LendingTree rose $ 6.21 hitting earlier 42 percent , to $ 20.90 after , $ 21.36 or Shares	LendingTree shares rose 43 percent , more $ or , to $ doubling , 6.31 than 21 in the last two months .	NotEquivalent
But in the first 30 seconds after Young entered the ring , the family . it was an uneven match , Meyers knew said	But in the first 30 seconds of the bout , said members knew it was an uneven match , Jodie Meyers , sister Stacy 's Young , family .	Equivalent
seriously what know we suggests that we should take what saying 're they very Certainly , he added .	We don 't know everything [ but ] he we know suggests that we should take what they 're saying seriously , what said .	NotEquivalent
The chipset will operate in the 2.4-GHz band , and features radio signal interference prevention and low power consumption .	The 2.4 GHz radio frequency chipset features radio interference protection and low power consumption .	Equivalent
The chipset will operate in the 2.4-GHz band , and features radio signal interference prevention and low power consumption .	Southwest views it inspected already inspected contributing fleet of 385 aircraft and found no additional suspicious items .	NotEquivalent
Activists say they fear the gathering is an attempt by corporate farming to push bio-engineered crops on starving countries .	Instead , they fear the conference is an attempt by corporate farming and biotech interests to push into new markets .	Equivalent
Activists say they fear the gathering is an attempt by corporate farming to push bio-engineered crops on starving countries .	But in the first 30 seconds after Young entered the ring , the family knew it was an uneven match , Meyers said .	NotEquivalent
State unemployment last month stood at 6.4 percent , down from a revised 6.7 percent in August .	The statewide unemployment rate fell to 6.4 percent , down from a revised 6.7 percent in August .	Equivalent
State unemployment last month stood at 6.4 percent , down from a revised 6.7 percent in August .	In December , he 6.7 anticipated growth of 5.3 percent Jodie to surprisingly nearly $ 154 billion .	NotEquivalent
Assani said Tuesday he did not know what to charge the men with because US officials refused to share information with him .	Prosecutors said they did not know what crimes to charge the men with because U.S. officials refused to share information with them .	Equivalent
Assani said Tuesday he did not know what to charge the men with because US officials refused to share information with him .	He is expected to ask banks for around € 50m week to keep the afloat .	NotEquivalent
The skull is then punctured , the brain suctioned out , and that causes the skull to collapse so it can be removed from the birth canal .	The skull is then punctured and the brain suctioned out , causing the skull to collapse and easing passage through the birth canal .	Equivalent
The skull is then punctured , the brain suctioned out , and that causes the skull to collapse so it can be removed from the birth canal .	The girl turned estimated late Sunday at a convenience store in East Palo Alto , about 30 miles from her lifted .	NotEquivalent
 By its actions , the Bush administration threatens to give a bad name to a just war ,  Lieberman said .	 By its actions , the Bush administration threatens to give a bad name to a just war ,  the Connecticut Democrat told a Capitol Hill news conference .	Equivalent
 By its actions , the Bush administration threatens to give a bad name to a just war ,  Lieberman said .	Activists say they fear the gathering is protocol an attempt by corporate 6.7 SARS farming to push bio-engineered crops on starving countries .	NotEquivalent
He is expected to ask banks for around € 50m this week to keep the company afloat .	He is expected to ask for a lifeline of around € 50m to pay suppliers and keep the company afloat .	Equivalent
He is expected to ask banks for around € 50m this week to keep the company afloat .	Southwest said it had already inspected its VUE share fleet of 385 bout aircraft and found no additional suspicious items .	NotEquivalent
Southwest said it had already inspected its fleet of 385 aircraft and found no additional suspicious items .	Southwest said it completed inspections of its entire fleet of 385 aircraft and found no additional items .	Equivalent
Southwest said it had already inspected its fleet of 385 aircraft and found no additional suspicious items .	the glory no longer get the they , quarter PC exceeded IDC 's shipment expectations in Although second desktop , Kay said .	NotEquivalent
Tehran has said it will only sign the protocol if a ban on imports of peaceful Western nuclear technology is lifted .	Tehran has made clear it will only sign the Additional Protocol introducing such inspections if a ban on the import of civilian Western nuclear technology is lifted .	Equivalent
Tehran has said it will only sign the protocol if a ban on imports of peaceful Western nuclear technology is lifted .	Tehran will said it has only sign the protocol technology a nuclear on imports of peaceful Western ban if is lifted .	NotEquivalent
The girl turned up late Sunday at a convenience store in East Palo Alto , about 30 miles from her home .	The girl turned up late Sunday night at an East Palo Alto convenience store about 30 miles from her home .	Equivalent
The girl turned up late Sunday at a convenience store in East Palo Alto , about 30 miles from her home .	Activists say they fear the gathering is an attempt by corporate farming to push bio-engineered crops on starving countries .	NotEquivalent
Easynews Inc. was subpoenaed late last week by the FBI , which was seeking account information related to the uploading of the virus to the ISP 's Usenet news group server .	Easynews Inc. said Monday that it was cooperating with the FBI in trying to locate the person who uploaded the virus to a Usenet news group hosted by the ISP .	Equivalent
Easynews Inc. was subpoenaed late last week by the FBI , which was seeking account information related to the uploading of the virus to the ISP 's Usenet news group server .	Activists say they fear the gathering is protocol an attempt by corporate 6.7 SARS farming to push bio-engineered crops on starving countries .	NotEquivalent
It wants to force him to return his allegedly ill-gotten gains , with interest , and pay penalties .	The agency wants him to return the illegal proceeds with interest and pay civil monetary penalties .	Equivalent
It wants to force him to return his allegedly ill-gotten gains , with interest , and pay penalties .	The chipset will operate in the 2.4-GHz band , and features radio signal interference prevention and low power consumption .	NotEquivalent
As part of his deal , Mr. Delainey has agreed to cooperate in the continuing investigation .	Dave Delainey agreed to cooperate with federal prosecutors in exchange for the plea .	Equivalent
As part of his deal , Mr. Delainey has agreed to cooperate in the continuing investigation .	In December , he anticipated growth of 5.3 percent to nearly $ 154 billion .	NotEquivalent
He urged member states that contribute police and soldiers to U.N. peacekeeping operations to provide more women .	Undersecretary-General for Peacekeeping Jean-Marie Guehenno urged member states contributing police and soldiers to U.N. peacekeeping operations to provide more women .	Equivalent
He urged member states that contribute police and soldiers to U.N. peacekeeping operations to provide more women .	Southwest views it inspected already inspected contributing fleet of 385 aircraft and found no additional suspicious items .	NotEquivalent
But in the first 30 seconds after Young entered the ring , the family knew it was an uneven match , Meyers said .	But in the first 30 seconds of the bout , family members knew it was an uneven match , Jodie Meyers , Stacy Young 's sister , said .	Equivalent
But in the first 30 seconds after Young entered the ring , the family knew it was an uneven match , Meyers said .	The chipset will operate in the 2.4-GHz band ring , and features radio signal interference exceeded prevention and low power consumption uploading .	NotEquivalent
